"user_id,cv_path,upload_timestamp"
"19,""data\5\CV Nour El Houda Amimi version3_user_19_1750195513552.docx"",2025-06-17T22:25:13.7002616"
19,"data\5\CV Nour El Houda Amimi version2_user_19_1750283445145.pdf",2025-06-18T22:50:45.1753649
19,"data\5\CV Nour El Houda Amimi version1_user_19_1750283469902.pdf",2025-06-18T22:51:09.9061794
19,"data\5\cv bouali_user_19_1750283491038.pdf",2025-06-18T22:51:31.0471468
19,"data\5\231-modele-cv-etudiant_user_19_1750283516690.docx",2025-06-18T22:51:56.6941759
19,"data\5\265-modele-cv-simple_user_19_1750283532334.docx",2025-06-18T22:52:12.3479314
19,"data\8\CV Nour El Houda Amimi version3_user_19_1750381862336.docx",2025-06-20T02:11:02.3852609
19,"data\8\CV Nour El Houda Amimi version3_user_19_1750682293344.docx",2025-06-23T13:38:13.5657641
19,"data\8\CV Nour El Houda Amimi version3_user_19_1750683686588.docx",2025-06-23T14:01:26.6872588
19,"data\8\CV Nour El Houda Amimi version3_user_19_1750685249334.docx",2025-06-23T14:27:29.4570142
19,"data\11\CV Nour El Houda Amimi version3_user_19_1750690588346.docx",2025-06-23T15:56:28.3792976
19,"data\11\CV Nour El Houda Amimi version3_user_19_1750974489618.docx",2025-06-26T22:48:09.7027384
19,"data\11\cvbh_user_19_1750974605769.docx",2025-06-26T22:50:05.7814083
19,"data\8\cvbh_user_19_1750975525141.docx",2025-06-26T23:05:25.3558606
19,"data\8\cvbh_user_19_1751070170565.docx",2025-06-28T01:22:51.1966234
19,"data\5\cvbh_user_19_1751070180613.docx",2025-06-28T01:23:00.6256836
19,"data\5\cvbh_user_19_1751219812165.docx",2025-06-29T18:56:54.67006
19,"data\5\CV Nour El Houda Amimi version1_user_19_1751220101970.pdf",2025-06-29T19:01:42.91224
19,"data\8\CV Nour El Houda Amimi version1_user_19_1751220213069.pdf",2025-06-29T19:03:33.2563629
19,"data\8\CV Nour El Houda Amimi version1_user_19_1751270380812.pdf",2025-06-30T08:59:41.6509044
19,"data\8\CV Nour El Houda Amimi version1_user_19_1751270385810.pdf",2025-06-30T08:59:45.892177
19,"data\8\CV_EN_BEN_HADJ_SALEM_ALA_user_19_1751272844381.pdf",2025-06-30T09:40:46.4855117
19,"data\8\265-modele-cv-simple_user_19_1751274924815.docx",2025-06-30T10:15:26.9197612
